"repo_name";"name";"slug";"id"
"fundamentos_c";"Becarios";"becarios";3106678
"fundamentos_c";"Q103";"q103";3128187
"fundamentos_c";"E100";"e100";3128198
"fundamentos_c";"A104";"a104";3128199
"fundamentos_c";"A109";"a109";3128204
"fundamentos_c";"E105";"e105";3128260
"fundamentos_c";"EE105";"ee105";3129927
"sentencias_control";"Becarios";"becarios";3106678
"sentencias_control";"Q103";"q103";3128187
"sentencias_control";"E100";"e100";3128198
"sentencias_control";"A104";"a104";3128199
"sentencias_control";"A109";"a109";3128204
"sentencias_control";"E105";"e105";3128260
"sentencias_control";"EE105";"ee105";3129927
"tipos_avanzados_datos";"Becarios";"becarios";3106678
"tipos_avanzados_datos";"Q103";"q103";3128187
"tipos_avanzados_datos";"E100";"e100";3128198
"tipos_avanzados_datos";"A104";"a104";3128199
"tipos_avanzados_datos";"A109";"a109";3128204
"tipos_avanzados_datos";"E105";"e105";3128260
"tipos_avanzados_datos";"EE105";"ee105";3129927
"punteros";"Becarios";"becarios";3106678
"punteros";"Q103";"q103";3128187
"punteros";"E100";"e100";3128198
"punteros";"A104";"a104";3128199
"punteros";"A109";"a109";3128204
"punteros";"E105";"e105";3128260
"punteros";"EE105";"ee105";3129927
"funciones";"Becarios";"becarios";3106678
"funciones";"Q103";"q103";3128187
"funciones";"E100";"e100";3128198
"funciones";"A104";"a104";3128199
"funciones";"A109";"a109";3128204
"funciones";"E105";"e105";3128260
"funciones";"EE105";"ee105";3129927
"ficheros";"Becarios";"becarios";3106678
"ficheros";"Q103";"q103";3128187
"ficheros";"E100";"e100";3128198
"ficheros";"A104";"a104";3128199
"ficheros";"A109";"a109";3128204
"ficheros";"E105";"e105";3128260
"ficheros";"EE105";"ee105";3129927
"punto_inicio";"Profesores";"profesores";3106672
"punto_inicio";"Becarios";"becarios";3106678
"starter-code";NA;NA;NA
"trabajo_equipo-master";NA;NA;NA
"twE100-marta_jara_julieta";"Marta_Jara_Julieta";"marta_jara_julieta";3135733
"twQ103-juego-del-serpiente";"juego del serpiente";"juego-del-serpiente";3136528
"twQ103-cajeroetsidi";"CajeroEtsidi";"cajeroetsidi";3137551
"twQ103-nba-goats";"NBA GOATS";"nba-goats";3137607
"twQ103-coches-benavides-sl";"Coches Benavides .SL";"coches-benavides-sl";3138506
"twQ103-clininca";"CLININCA";"clininca";3138515
"twQ103-vehiculos-upm";"Vehiculos Upm";"vehiculos-upm";3138523
"twQ103-blibioteca-maria-moliner";"BLIBIOTECA MARIA MOLINER";"blibioteca-maria-moliner";3138774
"twQ103-gps-films";"GPS FILMS";"gps-films";3138925
"twQ103-arguisanos";"Arguisanos";"arguisanos";3139063
"twE105-carlos-juanmi-vicen";"carlos-juanmi-vicen";"carlos-juanmi-vicen";3139113
"twQ103-juego-de-la-flota";"Juego de la Flota";"juego-de-la-flota";3139180
"twQ103-empresa-quimica";"Empresa Química";"empresa-quimica";3139210
"twQ103-agenda-electronica";"Agenda electrónica";"agenda-electronica";3139347
"twQ103-BecasMel";NA;NA;NA
"twE100-roberto_kike_jorge";"Roberto_Kike_Jorge";"roberto_kike_jorge";3140134
"twE105-cafranpa";"cafranpa";"cafranpa";3140197
"twE105-sebas-hugo-adam";"sebas-hugo-adam";"sebas-hugo-adam";3140207
"twE105-taki-taki-rumba";"taki-taki-rumba";"taki-taki-rumba";3140208
"twE105-santi-david-ivan";"santi-david-ivan";"santi-david-ivan";3140212
"twE105-oscar-pablo-gonzalo";"oscar-pablo-gonzalo";"oscar-pablo-gonzalo";3140214
"twE105-spectacular-library";"spectacular library";"spectacular-library";3140216
"twE105-cinesbartolo";"cinesbartolo";"cinesbartolo";3140217
"twE105-e-shop";"christian-carlos-magda";"christian-carlos-magda";3140218
"twE105-javi-angel";"javi-angel";"javi-angel";3140221
"twE105-maccabi-de-levantar";"Maccabi de levantar";"maccabi-de-levantar";3140223
"twE105-omar-edu-nacho";"omar-edu-nacho";"omar-edu-nacho";3140244
"twE105-dreamteam";"dreamteam";"dreamteam";3140245
"twE105-christian-andres-miguel";"Christian-Andres-Miguel";"christian-andres-miguel";3140256
"twE105-alvaro-sergio";"alvaro-sergio";"alvaro-sergio";3140257
"twQ103-ambulatorio";"Ambulatorio";"ambulatorio";3140266
"twE105-gonzalo-cristian";"gonzalo-cristian";"gonzalo-cristian";3140274
"twE105-adri-jorge-abel";"Adri-Jorge-Abel";"adri-jorge-abel";3140285
"twE105-arce-nacho-victor";"ARCE-NACHO-VICTOR";"arce-nacho-victor";3140290
"twE105-huevos_rotos_con_jamon";"huevos_rotos_con_jamon";"huevos_rotos_con_jamon";3140296
"twE105-verano-azul";"verano azul";"verano-azul";3140323
"twE105-cajero-automatico";"cajero automatico";"cajero-automatico";3140350
"twE105-polize_zass";"Polize_Zass";"polize_zass";3140351
"twE105-abel-diego-carlos";"abel-diego-carlos";"abel-diego-carlos";3140352
"twE105-monica-miguel-nico";"monica-miguel-nico";"monica-miguel-nico";3140358
"twQ103-agencia-de-viajes";"Agencia de viajes";"agencia-de-viajes";3140407
"twA109-miriam-pablo-susana";"miriam.pablo.susana";"miriam-pablo-susana";3140411
"twQ103-becas-mel";"Becas MEL";"becas-mel";3140445
"twQ103-euroliga";"Euroliga";"euroliga";3140446
"twQ103-comparador-de-propiedades";"Comparador de propiedades";"comparador-de-propiedades";3140454
"twQ103-inmobiliaria";"Inmobiliaria";"inmobiliaria";3140539
"twQ103-twq103-ihdm";"twQ103-iHDM";"twq103-ihdm";3140541
"twQ103-ticketpro-com";"TicketPro.com";"ticketpro-com";3140542
"twE105-kchopos-s";"kchopos´s";"kchopos-s";3140573
"twE100-manu_luisle_pachuski";"MANU_LUISLE_PACHUSKI";"manu_luisle_pachuski";3140694
"twE100-e-100_proyecto_morse";"E-100_Proyecto_Morse";"e-100_proyecto_morse";3140698
"twE100-alberto_viktor";"Alberto_Viktor";"alberto_viktor";3140700
"twE100-team-mid";"Team MID";"team-mid";3140702
"twE100-arantxa_alvaro_tomas";"Arantxa_Alvaro_Tomas";"arantxa_alvaro_tomas";3140703
"twE100-etor_valeria_carlos";"Etor_Valeria_Carlos";"etor_valeria_carlos";3140704
"twE100-gabriel_pedro";"Gabriel_Pedro";"gabriel_pedro";3140706
"twE100-miki_edu_sergio";"Miki_Edu_Sergio";"miki_edu_sergio";3140707
"twE100-twe100-jorge";"twE100-Jorge";"twe100-jorge";3140709
"twE100-e100_eduardo_mario_moad";"E100_Eduardo_Mario_Moad";"e100_eduardo_mario_moad";3140715
"twE100-raul_adrian_ivan";"Raul_Adrián_ivan";"raul_adrian_ivan";3140722
"twE100-team_tienda_zarra";"team_TIENDA_ZARRA";"team_tienda_zarra";3140732
"twE100-twe100_ingenio_2019";"twE100_Ingenio_2019";"twe100_ingenio_2019";3140737
"twE100-e100_raton_grafico";"E100_ratón_gráfico";"e100_raton_grafico";3140746
"twA104-cris-david";"Cris&David";"cris-david";3140819
"twE100-tiendasl";"TiendaSL";"tiendasl";3140928
"twE100-team_ligue";"Team_Ligue";"team_ligue";3140968
"twQ103-cartelera-de-cine";"Cartelera de cine";"cartelera-de-cine";3141200
"twQ103-selector-de-materiales";"Selector de materiales";"selector-de-materiales";3141218
"twA109-led_vibes";"Led_Vibes";"led_vibes";3141375
"twA109-dpm";"DPM";"dpm";3141447
"twA109-dz-dm";"DZ-DM";"dz-dm";3141722
"twA109-jaime-pablo-sara";"jaime.pablo.sara";"jaime-pablo-sara";3141909
"twA109-c";"C--";"c";3142243
"twQ103-burgonet-1";"BurgoNet";"burgonet";3142342
"twA109-jla";"JLA";"jla";3142486
"twA109-Codigo_Morse";"Codigo_Morse";"codigo_morse";3142495
"twA109-oscar-maurizio-victor";"oscar.maurizio.victor";"oscar-maurizio-victor";3142521
"twQ103-summer-festival";"Summer Festival";"summer-festival";3142569
"twA109-ignacio-rober-javier";"ignacio.rober.javier";"ignacio-rober-javier";3142943
"twA109-victor-ruben-pablo";"Victor.Ruben.Pablo";"victor-ruben-pablo";3142947
"twA109-bisha3p2";"BISHA3P2";"bisha3p2";3142951
"twA109-guillermo-noelia";"Guillermo.Noelia";"guillermo-noelia";3142957
"twA109-climt-3000";"CLIMT 3000";"climt-3000";3142962
"twA104-juanandresymarta";"JuanAndresyMarta";"juanandresymarta";3142964
"twA109-laura-maria";"Laura.Maria";"laura-maria";3142975
"twA109-sergio-fer-andres";"Sergio, Fer, Andres";"sergio-fer-andres";3142974
"twA109-alejandro-hugo-jacob";"Alejandro.Hugo.Jacob";"alejandro-hugo-jacob";3142981
"twA109-diego-laural-tomas";"Diego.LauraL.Tomas";"diego-laural-tomas";3142983
"twA109-parkineo";"Parkineo";"parkineo";3142984
"twA109-zeqi-martin-xiaolong";"Zeqi.Martin.Xiaolong";"zeqi-martin-xiaolong";3142987
"twA109-bruno-jaime";"Bruno.Jaime";"bruno-jaime";3143035
"twA109-dani-miguel-pedro";"dani,miguel,pedro";"dani-miguel-pedro";3143042
"twQ103-worker-king";"WORKER KING";"worker-king";3143087
"twQ103-trivial";"Trivial";"trivial";3143137
"twA109-david-alvaro-ignacio";"David.Alvaro.Ignacio";"david-alvaro-ignacio";3143046
"twQ103-banners-dinamicos-v-2";"Banners Dinámicos V.2";"banners-dinamicos-v-2";3143379
"twQ103-carrera-ciclista";"Carrera ciclista";"carrera-ciclista";3143440
"twQ103-videoclub";"Videoclub";"videoclub";3143504
"twA109-jaime-sergio-brais";"Jaime.Sergio.Brais";"jaime-sergio-brais";3143568
"twA109-natalia-jorge";"Natalia.Jorge";"natalia-jorge";3144314
"twA109-luis-victor-alvaro";"Luis.Víctor.Alvaro";"luis-victor-alvaro";3144330
"twQ103-distribucion-de-alumnos-en-examen";"Distribución de alumnos en examen";"distribucion-de-alumnos-en-examen";3144369
"twQ103-pagina-de-compra-y-venta";"Pagina de compra y venta";"pagina-de-compra-y-venta";3144411
"twQ103-pide-tu-cabifai";"PIDE TU CABIFAI";"pide-tu-cabifai";3144771
"twQ103-cesta-online";"Cesta Online";"cesta-online";3144889
"twQ103-juego-de-laberintos";"Juego de Laberintos";"juego-de-laberintos";3144955
"twQ103-juego-quimica-general";"Juego química-general";"juego-quimica-general";3144993
"twQ103-masori-bank";"MASORI BANK";"masori-bank";3145084
"twQ103-juego-de-la-ruleta";"Juego de la ruleta";"juego-de-la-ruleta";3145104
"twA109-lis-teresa-silvia";"Lis.Teresa.Silvia";"lis-teresa-silvia";3145203
"twQ103-quimitrivial";"QuimiTrivial";"quimitrivial";3145730
"twQ103-recarga-metro";"Recarga Metro";"recarga-metro";3145787
"twA109-alejandro-ignacio-javier";"Alejandro.Ignacio.Javier";"alejandro-ignacio-javier";3147233
"twA104-mark-patrick";"Mark&Patrick";"mark-patrick";3148127
"twA104-miguel-pedro";"Miguel&Pedro";"miguel-pedro";3149104
"twA104-ismael-mateo";"Ismael&Mateo";"ismael-mateo";3149165
"twA104-adrian-jorge";"Adrian&Jorge";"adrian-jorge";3149167
"twE100-bannercm";"BannerCM";"bannercm";3149275
"twE100-central_parking";"Central_ParKing";"central_parking";3150363
"twA109-lera-daniel";"Lera.Daniel";"lera-daniel";3151140
"twE100-twe100_biblio";"twE100_Biblio";"twe100_biblio";3151442
"twA109-jt";"JT";"jt";3151694
"twA104-raquel-irene";"Raquel&Irene";"raquel-irene";3153078
"twA104-oscar-carlos";"Óscar&Carlos";"oscar-carlos";3153082
"twA104-natalia-dani";"Natalia&Dani";"natalia-dani";3153083
"twA104-keepin-usafe";"Keepin'USafe";"keepin-usafe";3153087
"twA104-nocranenogame";"NoCraneNoGame";"nocranenogame";3153096
"twA104-yago-barroso";"yago&barroso";"yago-barroso";3153097
"twA104-carpioyjuan";"CarpioyJuan";"carpioyjuan";3153101
"twA104-adri-ubeda";"Adri&Ubeda";"adri-ubeda";3153104
"twA104-javictor";"JAVICTOR";"javictor";3153106
"twA104-fran-alvaro";"Fran&Alvaro";"fran-alvaro";3153107
"twA104-alarmas-masther";"Alarmas Masther";"alarmas-masther";3153108
"twA104-nacho-antonio";"Nacho&Antonio";"nacho-antonio";3153109
"twA104-gambling_machine";"Gambling_Machine";"gambling_machine";3153110
"twA104-marcianitos-s-l";"Marcianitos.S.L";"marcianitos-s-l";3153111
"twA104-colacado-2-0";"COLACADO 2.0";"colacado-2-0";3153112
"twA104-victor-diego";"Victor&Diego";"victor-diego";3153116
"twA104-susana-jorge";"susana&jorge";"susana-jorge";3153124
"twA104-escanciano-dani";"Escanciano&Dani";"escanciano-dani";3153146
"twA104-where-i-can-park";"Where I can park???";"where-i-can-park";3153161
"twA104-raquel-miguel";"Raquel&Miguel";"raquel-miguel";3155649
"twA109-josemaria-alvaro-cristina";"JoseMaria.Alvaro.Cristina";"josemaria-alvaro-cristina";3157147
"twA104-morango-s-company";"Morango's company";"morango-s-company";3157462
